iso_code,continent,location,date,total_cases,new_cases,total_deaths,new_deaths,total_cases_per_million,total_deaths_per_million,people_fully_vaccinated,people_fully_vaccinated_per_hundred,population
AUS,Oceania,Australia,2020-01-31,4.0,0.0,0.0,0.0,0.2,0.0,,,26177410
AUS,Oceania,Australia,2020-02-29,22.0,0.0,0.0,0.0,0.8,0.0,,,26177410
AUS,Oceania,Australia,2020-03-31,3809.0,0.0,16.0,0.0,145.4,0.6,,,26177410
AUS,Oceania,Australia,2020-04-30,6703.0,0.0,85.0,0.0,255.8,3.2,,,26177410
AUS,Oceania,Australia,2020-05-31,7185.0,79.0,107.0,0.0,274.2,4.1,,,26177410
AUS,Oceania,Australia,2020-06-30,7641.0,0.0,108.0,0.0,291.6,4.1,,,26177410
AUS,Oceania,Australia,2020-07-31,13950.0,0.0,174.0,0.0,532.4,6.6,,,26177410
AUS,Oceania,Australia,2020-08-31,25547.0,0.0,724.0,0.0,975.0,27.6,,,26177410
AUS,Oceania,Australia,2020-09-30,27016.0,0.0,887.0,0.0,1031.1,33.8,,,26177410
AUS,Oceania,Australia,2020-10-31,27499.0,0.0,914.0,0.0,1049.5,34.9,,,26177410
AUS,Oceania,Australia,2020-11-30,27885.0,0.0,918.0,0.0,1064.3,35.0,,,26177410
AUS,Oceania,Australia,2020-12-31,28296.0,0.0,920.0,0.0,1080.0,35.1,,,26177410
AUS,Oceania,Australia,2021-01-31,28811.0,45.0,923.0,0.0,1099.6,35.2,,,26177410
AUS,Oceania,Australia,2021-02-28,28970.0,44.0,924.0,0.0,1105.7,35.3,12.0,0.0,26177410
AUS,Oceania,Australia,2021-03-31,29260.0,0.0,925.0,0.0,1116.8,35.3,72724.0,0.3,26177410
AUS,Oceania,Australia,2021-04-30,29666.0,0.0,928.0,0.0,1132.2,35.4,258529.0,1.0,26177410
AUS,Oceania,Australia,2021-05-31,30098.0,0.0,928.0,0.0,1148.7,35.4,506254.0,1.9,26177410
AUS,Oceania,Australia,2021-06-30,30835.0,0.0,928.0,0.0,1176.9,35.4,1633434.0,6.2,26177410
AUS,Oceania,Australia,2021-07-31,33795.0,0.0,940.0,0.0,1289.8,35.9,3927056.0,15.0,26177410
AUS,Oceania,Australia,2021-08-31,55661.0,0.0,1032.0,0.0,2124.4,39.4,7369320.0,28.2,26177410
AUS,Oceania,Australia,2021-09-30,104150.0,0.0,1312.0,0.0,3975.0,50.1,11386339.0,43.5,26177410
AUS,Oceania,Australia,2021-10-31,173984.0,10046.0,1866.0,112.0,6640.4,71.2,16529442.0,63.1,26177410
AUS,Oceania,Australia,2021-11-30,211425.0,0.0,2166.0,0.0,8069.4,82.7,18808812.0,71.8,26177410
AUS,Oceania,Australia,2021-12-31,366607.0,0.0,2377.0,0.0,13992.1,90.7,,,26177410
AUS,Oceania,Australia,2022-01-31,2323136.0,0.0,4469.0,0.0,88666.0,170.6,20211402.0,77.2,26177410
AUS,Oceania,Australia,2022-02-28,3016833.0,0.0,6052.0,0.0,115142.0,231.0,20483240.0,78.2,26177410
AUS,Oceania,Australia,2022-03-31,4167400.0,0.0,6631.0,0.0,159055.1,253.1,21240452.0,81.1,26177410
AUS,Oceania,Australia,2022-04-30,5518613.0,0.0,7594.0,0.0,210626.2,289.8,21527099.0,82.2,26177410
AUS,Oceania,Australia,2022-05-31,6997248.0,0.0,9204.0,0.0,267060.5,351.3,21614599.0,82.6,26177410
AUS,Oceania,Australia,2022-06-30,7777035.0,0.0,10578.0,0.0,296822.2,403.7,,,26177410
AUS,Oceania,Australia,2022-07-31,8915145.0,319779.0,12998.0,618.0,340259.9,496.1,,,26177410
AUS,Oceania,Australia,2022-08-31,9617238.0,0.0,14831.0,0.0,367056.3,566.0,,,26177410
AUS,Oceania,Australia,2022-09-30,9855289.0,0.0,15616.0,0.0,376141.9,596.0,,,26177410
AUS,Oceania,Australia,2022-10-31,10022851.0,0.0,16093.0,0.0,382537.2,614.2,,,26177410
AUS,Oceania,Australia,2022-11-30,10267904.0,0.0,16652.0,0.0,391890.0,635.6,,,26177410
AUS,Oceania,Australia,2022-12-31,10694041.0,0.0,17816.0,0.0,408154.1,680.0,,,26177410
AUS,Oceania,Australia,2023-01-31,10971501.0,0.0,18910.0,0.0,418743.8,721.7,,,26177410
AUS,Oceania,Australia,2023-02-28,11043231.0,0.0,20346.0,0.0,421481.5,776.5,,,26177410
AUS,Oceania,Australia,2023-03-31,11125968.0,0.0,20683.0,0.0,424639.3,789.4,,,26177410
AUS,Oceania,Australia,2023-04-30,11265591.0,29431.0,21341.0,155.0,429968.2,814.5,,,26177410
AUS,Oceania,Australia,2023-05-31,11405845.0,0.0,22070.0,0.0,435321.2,842.3,,,26177410
AUS,Oceania,Australia,2023-06-30,11517612.0,0.0,22770.0,0.0,439586.9,869.0,,,26177410
AUS,Oceania,Australia,2023-07-31,11561520.0,0.0,22779.0,0.0,441262.8,869.4,,,26177410
AUS,Oceania,Australia,2023-08-31,11582416.0,0.0,23015.0,0.0,442060.3,878.4,,,26177410
AUS,Oceania,Australia,2023-09-30,11603146.0,0.0,23169.0,0.0,442851.5,884.3,,,26177410
AUS,Oceania,Australia,2023-10-31,11630496.0,0.0,23449.0,0.0,443895.3,895.0,,,26177410
AUS,Oceania,Australia,2023-11-30,11669557.0,0.0,23793.0,0.0,445386.2,908.1,,,26177410
AUS,Oceania,Australia,2023-12-31,11721535.0,10734.0,24344.0,71.0,447370.0,929.1,,,26177410
AUS,Oceania,Australia,2024-01-31,11762242.0,0.0,24657.0,0.0,448923.6,941.1,,,26177410
AUS,Oceania,Australia,2024-02-29,11793119.0,0.0,24883.0,0.0,450102.1,949.7,,,26177410
AUS,Oceania,Australia,2024-03-31,11823639.0,4698.0,25039.0,34.0,451266.9,955.6,,,26177410
AUS,Oceania,Australia,2024-04-30,11841523.0,0.0,25186.0,0.0,451949.5,961.3,,,26177410
AUS,Oceania,Australia,2024-05-31,11861161.0,0.0,25236.0,0.0,452699.0,963.2,,,26177410
AUS,Oceania,Australia,2024-06-30,11861161.0,0.0,25236.0,0.0,452699.0,963.2,,,26177410
AUS,Oceania,Australia,2024-07-31,11861161.0,0.0,25236.0,0.0,452699.0,963.2,,,26177410
AUS,Oceania,Australia,2024-08-04,11861161.0,0.0,25236.0,0.0,452699.0,963.2,,,26177410
BRA,South America,Brazil,2020-01-31,0.0,0.0,0.0,0.0,0.0,0.0,,,215313504
BRA,South America,Brazil,2020-02-29,0.0,0.0,0.0,0.0,0.0,0.0,,,215313504
BRA,South America,Brazil,2020-03-31,3417.0,0.0,92.0,0.0,16.2,0.4,,,215313504
BRA,South America,Brazil,2020-04-30,52995.0,0.0,3670.0,0.0,252.0,17.4,,,215313504
BRA,South America,Brazil,2020-05-31,465166.0,134276.0,27878.0,6830.0,2211.8,132.6,,,215313504
BRA,South America,Brazil,2020-06-30,1274974.0,0.0,55961.0,0.0,6062.5,266.1,,,215313504
BRA,South America,Brazil,2020-07-31,2343366.0,0.0,85238.0,0.0,11142.6,405.3,,,215313504
BRA,South America,Brazil,2020-08-31,3804803.0,0.0,119504.0,0.0,18091.7,568.2,,,215313504
BRA,South America,Brazil,2020-09-30,4689613.0,0.0,140537.0,0.0,22299.0,668.2,,,215313504
BRA,South America,Brazil,2020-10-31,5353656.0,0.0,156471.0,0.0,25456.5,744.0,,,215313504
BRA,South America,Brazil,2020-11-30,6238350.0,0.0,171974.0,0.0,29663.2,817.7,,,215313504
BRA,South America,Brazil,2020-12-31,7448560.0,0.0,190488.0,0.0,35417.7,905.8,,,215313504
BRA,South America,Brazil,2021-01-31,9118513.0,364593.0,222666.0,7423.0,43358.2,1058.8,,,215313504
BRA,South America,Brazil,2021-02-28,10455630.0,373954.0,252835.0,8070.0,49716.2,1202.2,1923197.0,0.9,215313504
BRA,South America,Brazil,2021-03-31,12404414.0,0.0,307112.0,0.0,58982.6,1460.3,5093555.0,2.4,215313504
BRA,South America,Brazil,2021-04-30,14237078.0,0.0,386416.0,0.0,67696.8,1837.4,15702358.0,7.3,215313504
BRA,South America,Brazil,2021-05-31,16391930.0,0.0,459045.0,0.0,77943.1,2182.7,22337479.0,10.4,215313504
BRA,South America,Brazil,2021-06-30,18322760.0,0.0,511142.0,0.0,87124.1,2430.5,26642477.0,12.4,215313504
BRA,South America,Brazil,2021-07-31,19632443.0,0.0,548340.0,0.0,93351.6,2607.3,41507968.0,19.3,215313504
BRA,South America,Brazil,2021-08-31,20703906.0,0.0,578326.0,0.0,98446.4,2749.9,62698760.0,29.1,215313504
BRA,South America,Brazil,2021-09-30,21327616.0,0.0,593663.0,0.0,101412.1,2822.8,91430204.0,42.5,215313504
BRA,South America,Brazil,2021-10-31,21793401.0,81558.0,607462.0,2323.0,103626.9,2888.5,116117550.0,53.9,215313504
BRA,South America,Brazil,2021-11-30,22067630.0,0.0,613957.0,0.0,104930.8,2919.3,133911230.0,62.2,215313504
BRA,South America,Brazil,2021-12-31,22230737.0,0.0,618392.0,0.0,105706.4,2940.4,143436012.0,66.6,215313504
BRA,South America,Brazil,2022-01-31,25034806.0,0.0,625884.0,0.0,119039.7,2976.1,149930855.0,69.6,215313504
BRA,South America,Brazil,2022-02-28,28578647.0,0.0,647390.0,0.0,135890.5,3078.3,155044552.0,72.0,215313504
BRA,South America,Brazil,2022-03-31,29802257.0,0.0,658566.0,0.0,141708.8,3131.5,160706753.0,74.6,215313504
BRA,South America,Brazil,2022-04-30,30338697.0,0.0,662557.0,0.0,144259.5,3150.4,,,215313504
BRA,South America,Brazil,2022-05-31,30921145.0,0.0,666319.0,0.0,147029.0,3168.3,166104268.0,77.2,215313504
BRA,South America,Brazil,2022-06-30,32023166.0,0.0,670229.0,0.0,152269.1,3186.9,168924041.0,78.4,215313504
BRA,South America,Brazil,2022-07-31,33790698.0,284971.0,678313.0,1827.0,160673.6,3225.4,,,215313504
BRA,South America,Brazil,2022-08-31,34368909.0,0.0,683397.0,0.0,163423.0,3249.5,171665721.0,79.7,215313504
BRA,South America,Brazil,2022-09-30,34624427.0,0.0,685750.0,0.0,164638.0,3260.7,,,215313504
BRA,South America,Brazil,2022-10-31,34822227.0,0.0,688080.0,0.0,165578.5,3271.8,172340241.0,80.0,215313504
BRA,South America,Brazil,2022-11-30,35149503.0,0.0,689442.0,0.0,167134.7,3278.3,174139720.0,80.9,215313504
BRA,South America,Brazil,2022-12-31,36124337.0,0.0,692743.0,0.0,171770.0,3294.0,174887915.0,81.2,215313504
BRA,South America,Brazil,2023-01-31,36791267.0,0.0,696742.0,0.0,174941.2,3313.0,175512132.0,81.5,215313504
BRA,South America,Brazil,2023-02-28,37020531.0,0.0,698928.0,0.0,176031.4,3323.4,175879810.0,81.7,215313504
BRA,South America,Brazil,2023-03-31,37204677.0,0.0,699917.0,0.0,176907.0,3328.1,,,215313504
BRA,South America,Brazil,2023-04-30,37449418.0,42186.0,701494.0,279.0,178070.7,3335.6,,,215313504
BRA,South America,Brazil,2023-05-31,37511921.0,0.0,702116.0,0.0,178367.9,3338.5,,,215313504
BRA,South America,Brazil,2023-06-30,37511921.0,0.0,702116.0,0.0,178367.9,3338.5,,,215313504
BRA,South America,Brazil,2023-07-31,37511921.0,0.0,702116.0,0.0,178367.9,3338.5,,,215313504
BRA,South America,Brazil,2023-08-31,37511921.0,0.0,702116.0,0.0,178367.9,3338.5,,,215313504
BRA,South America,Brazil,2023-09-30,37511921.0,0.0,702116.0,0.0,178367.9,3338.5,,,215313504
BRA,South America,Brazil,2023-10-31,37511921.0,0.0,702116.0,0.0,178367.9,3338.5,,,215313504
BRA,South America,Brazil,2023-11-30,37511921.0,0.0,702116.0,0.0,178367.9,3338.5,,,215313504
BRA,South America,Brazil,2023-12-31,37511921.0,0.0,702116.0,0.0,178367.9,3338.5,,,215313504
BRA,South America,Brazil,2024-01-31,37511921.0,0.0,702116.0,0.0,178367.9,3338.5,,,215313504
BRA,South America,Brazil,2024-02-29,37511921.0,0.0,702116.0,0.0,178367.9,3338.5,,,215313504
BRA,South America,Brazil,2024-03-31,37511921.0,0.0,702116.0,0.0,178367.9,3338.5,,,215313504
BRA,South America,Brazil,2024-04-30,37511921.0,0.0,702116.0,0.0,178367.9,3338.5,,,215313504
BRA,South America,Brazil,2024-05-31,37511921.0,0.0,702116.0,0.0,178367.9,3338.5,,,215313504
BRA,South America,Brazil,2024-06-30,37511921.0,0.0,702116.0,0.0,178367.9,3338.5,,,215313504
BRA,South America,Brazil,2024-07-31,37511921.0,0.0,702116.0,0.0,178367.9,3338.5,,,215313504
BRA,South America,Brazil,2024-08-04,37511921.0,0.0,702116.0,0.0,178367.9,3338.5,,,215313504
CAN,North America,Canada,2020-01-31,1.0,0.0,0.0,0.0,0.0,0.0,,,38454328
CAN,North America,Canada,2020-02-29,9.0,0.0,0.0,0.0,0.2,0.0,,,38454328
CAN,North America,Canada,2020-03-31,4675.0,0.0,35.0,0.0,120.4,0.9,,,38454328
CAN,North America,Canada,2020-04-30,43877.0,0.0,2299.0,0.0,1130.2,59.2,,,38454328
CAN,North America,Canada,2020-05-31,89407.0,6938.0,6959.0,727.0,2303.0,179.3,,,38454328
CAN,North America,Canada,2020-06-30,102783.0,0.0,8475.0,0.0,2647.6,218.3,,,38454328
CAN,North America,Canada,2020-07-31,113193.0,0.0,8844.0,0.0,2915.8,227.8,,,38454328
CAN,North America,Canada,2020-08-31,127310.0,0.0,9075.0,0.0,3279.4,233.8,,,38454328
CAN,North America,Canada,2020-09-30,150456.0,0.0,9217.0,0.0,3875.6,237.4,,,38454328
CAN,North America,Canada,2020-10-31,211732.0,0.0,9844.0,0.0,5454.0,253.6,,,38454328
CAN,North America,Canada,2020-11-30,359064.0,0.0,11822.0,0.0,9249.2,304.5,,,38454328
CAN,North America,Canada,2020-12-31,539241.0,0.0,14734.0,0.0,13890.4,379.5,2.0,0.0,38454328
CAN,North America,Canada,2021-01-31,770793.0,33386.0,19662.0,965.0,19854.9,506.5,113765.0,0.3,38454328
CAN,North America,Canada,2021-02-28,861547.0,20961.0,21738.0,331.0,22192.7,560.0,536098.0,1.4,38454328
CAN,North America,Canada,2021-03-31,956655.0,0.0,22629.0,0.0,24642.6,582.9,712432.0,1.8,38454328
CAN,North America,Canada,2021-04-30,1164580.0,0.0,23655.0,0.0,29998.5,609.3,1134213.0,3.0,38454328
CAN,North America,Canada,2021-05-31,1374273.0,0.0,25192.0,0.0,35400.0,648.9,2145412.0,5.6,38454328
CAN,North America,Canada,2021-06-30,1412301.0,0.0,25943.0,0.0,36379.6,668.3,11789641.0,30.7,38454328
CAN,North America,Canada,2021-07-31,1425711.0,0.0,26274.0,0.0,36725.0,676.8,22408293.0,58.3,38454328
CAN,North America,Canada,2021-08-31,1486436.0,0.0,26621.0,0.0,38289.2,685.7,25548423.0,66.4,38454328
CAN,North America,Canada,2021-09-30,1598807.0,0.0,27344.0,0.0,41183.8,704.4,27049954.0,70.3,38454328
CAN,North America,Canada,2021-10-31,1712128.0,16214.0,28669.0,222.0,44102.8,738.5,28313942.0,73.6,38454328
CAN,North America,Canada,2021-11-30,1782171.0,0.0,29330.0,0.0,45907.1,755.5,29054220.0,75.6,38454328
CAN,North America,Canada,2021-12-31,1961723.0,0.0,29851.0,0.0,50532.2,768.9,29437317.0,76.6,38454328
CAN,North America,Canada,2022-01-31,3016024.0,0.0,33119.0,0.0,77690.0,853.1,30164340.0,78.4,38454328
CAN,North America,Canada,2022-02-28,3276987.0,0.0,35994.0,0.0,84412.2,927.2,30912775.0,80.4,38454328
CAN,North America,Canada,2022-03-31,3436006.0,0.0,37411.0,0.0,88508.4,963.7,31188970.0,81.1,38454328
CAN,North America,Canada,2022-04-30,3691252.0,0.0,38753.0,0.0,95083.3,998.2,31311704.0,81.4,38454328
CAN,North America,Canada,2022-05-31,3862713.0,0.0,40967.0,0.0,99499.9,1055.3,31396929.0,81.6,38454328
CAN,North America,Canada,2022-06-30,3931184.0,0.0,41160.0,0.0,101263.7,1060.2,31450822.0,81.8,38454328
CAN,North America,Canada,2022-07-31,4064909.0,33319.0,42159.0,291.0,104708.3,1086.0,31496027.0,81.9,38454328
CAN,North America,Canada,2022-08-31,4166438.0,0.0,43327.0,0.0,107323.6,1116.1,31542116.0,82.0,38454328
CAN,North America,Canada,2022-09-30,4240286.0,0.0,44333.0,0.0,109225.9,1142.0,31581862.0,82.1,38454328
CAN,North America,Canada,2022-10-31,4341788.0,0.0,45820.0,0.0,111840.5,1180.3,31639845.0,82.3,38454328
CAN,North America,Canada,2022-11-30,4411019.0,0.0,47166.0,0.0,113623.8,1215.0,31690477.0,82.4,38454328
CAN,North America,Canada,2022-12-31,4476385.0,0.0,48421.0,0.0,115307.6,1247.3,31731097.0,82.5,38454328
CAN,North America,Canada,2023-01-31,4551396.0,0.0,49941.0,0.0,117239.8,1286.4,,,38454328
CAN,North America,Canada,2023-02-28,4592058.0,0.0,50799.0,0.0,118287.2,1308.5,,,38454328
CAN,North America,Canada,2023-03-31,4627097.0,0.0,51457.0,0.0,119189.8,1325.5,,,38454328
CAN,North America,Canada,2023-04-30,4660700.0,5770.0,52150.0,150.0,120055.4,1343.3,,,38454328
CAN,North America,Canada,2023-05-31,4674006.0,0.0,52493.0,0.0,120398.1,1352.2,,,38454328
CAN,North America,Canada,2023-06-30,4678690.0,0.0,52603.0,0.0,120518.8,1355.0,,,38454328
CAN,North America,Canada,2023-07-31,4682788.0,0.0,52704.0,0.0,120624.3,1357.6,,,38454328
CAN,North America,Canada,2023-08-31,4688597.0,0.0,52799.0,0.0,120774.0,1360.0,,,38454328
CAN,North America,Canada,2023-09-30,4700821.0,0.0,53039.0,0.0,121088.8,1366.2,,,38454328
CAN,North America,Canada,2023-10-31,4724278.0,0.0,53521.0,0.0,121693.1,1378.6,,,38454328
CAN,North America,Canada,2023-11-30,4746340.0,0.0,53930.0,0.0,122261.4,1389.2,,,38454328
CAN,North America,Canada,2023-12-31,4774236.0,6102.0,54441.0,134.0,122979.9,1402.4,,,38454328
CAN,North America,Canada,2024-01-31,4788998.0,0.0,54719.0,0.0,123360.2,1409.5,,,38454328
CAN,North America,Canada,2024-02-29,4797144.0,0.0,54884.0,0.0,123570.0,1413.8,,,38454328
CAN,North America,Canada,2024-03-31,4803245.0,888.0,55006.0,12.0,123727.2,1416.9,,,38454328
CAN,North America,Canada,2024-04-30,4807568.0,0.0,55090.0,0.0,123838.5,1419.1,,,38454328
CAN,North America,Canada,2024-05-31,4813393.0,0.0,55193.0,0.0,123988.6,1421.7,,,38454328
CAN,North America,Canada,2024-06-30,4817104.0,605.0,55260.0,12.0,124084.2,1423.4,,,38454328
CAN,North America,Canada,2024-07-31,4819017.0,0.0,55282.0,0.0,124133.4,1424.0,,,38454328
CAN,North America,Canada,2024-08-04,4819055.0,38.0,55282.0,0.0,124134.4,1424.0,,,38454328
CHN,Asia,China,2020-01-31,1985.0,0.0,56.0,0.0,1.4,0.0,,,1425887360
CHN,Asia,China,2020-02-29,77042.0,0.0,2446.0,0.0,54.1,1.7,,,1425887360
CHN,Asia,China,2020-03-31,82341.0,0.0,3306.0,0.0,57.8,2.3,,,1425887360
CHN,Asia,China,2020-04-30,84338.0,0.0,4642.0,0.0,59.2,3.3,,,1425887360
CHN,Asia,China,2020-05-31,84570.0,45.0,4645.0,0.0,59.3,3.3,,,1425887360
CHN,Asia,China,2020-06-30,85190.0,0.0,4648.0,0.0,59.8,3.3,,,1425887360
CHN,Asia,China,2020-07-31,86839.0,0.0,4659.0,0.0,60.9,3.3,,,1425887360
CHN,Asia,China,2020-08-31,90351.0,0.0,4728.0,0.0,63.4,3.3,,,1425887360
CHN,Asia,China,2020-09-30,90966.0,0.0,4746.0,0.0,63.8,3.3,,,1425887360
CHN,Asia,China,2020-10-31,91674.0,0.0,4746.0,0.0,64.3,3.3,,,1425887360
CHN,Asia,China,2020-11-30,93329.0,0.0,4750.0,0.0,65.5,3.3,,,1425887360
CHN,Asia,China,2020-12-31,96324.0,0.0,4777.0,0.0,67.6,3.4,,,1425887360
CHN,Asia,China,2021-01-31,100974.0,838.0,4823.0,13.0,70.8,3.4,,,1425887360
CHN,Asia,China,2021-02-28,101920.0,220.0,4843.0,1.0,71.5,3.4,,,1425887360
CHN,Asia,China,2021-03-31,102698.0,0.0,4851.0,0.0,72.1,3.4,,,1425887360
CHN,Asia,China,2021-04-30,103484.0,0.0,4856.0,0.0,72.6,3.4,,,1425887360
CHN,Asia,China,2021-05-31,111146.0,0.0,4955.0,0.0,78.0,3.5,,,1425887360
CHN,Asia,China,2021-06-30,118358.0,0.0,5478.0,0.0,83.0,3.8,,,1425887360
CHN,Asia,China,2021-07-31,120213.0,0.0,5634.0,0.0,84.4,4.0,,,1425887360
CHN,Asia,China,2021-08-31,122995.0,0.0,5682.0,0.0,86.3,4.0,,,1425887360
CHN,Asia,China,2021-09-30,124495.0,0.0,5690.0,0.0,87.4,4.0,,,1425887360
CHN,Asia,China,2021-10-31,126078.0,513.0,5696.0,1.0,88.5,4.0,,,1425887360
CHN,Asia,China,2021-11-30,127764.0,0.0,5697.0,0.0,89.6,4.0,,,1425887360
CHN,Asia,China,2021-12-31,130858.0,0.0,5699.0,0.0,91.8,4.0,,,1425887360
CHN,Asia,China,2022-01-31,138992.0,0.0,5700.0,0.0,97.5,4.0,,,1425887360
CHN,Asia,China,2022-02-28,301154.0,0.0,6148.0,0.0,211.3,4.3,,,1425887360
CHN,Asia,China,2022-03-31,890267.0,0.0,12743.0,0.0,624.7,8.9,1242281000.0,87.1,1425887360
CHN,Asia,China,2022-04-30,1017161.0,0.0,14881.0,0.0,713.7,10.4,,,1425887360
CHN,Asia,China,2022-05-31,2878333.0,0.0,16658.0,0.0,2019.6,11.7,,,1425887360
CHN,Asia,China,2022-06-30,4611936.0,0.0,20969.0,0.0,3236.0,14.7,,,1425887360
CHN,Asia,China,2022-07-31,5616120.0,172003.0,23704.0,351.0,3940.6,16.6,,,1425887360
CHN,Asia,China,2022-08-31,6313044.0,0.0,24766.0,0.0,4429.6,17.4,,,1425887360
CHN,Asia,China,2022-09-30,7404545.0,0.0,26244.0,0.0,5195.5,18.4,,,1425887360
CHN,Asia,China,2022-10-31,8913719.0,0.0,28460.0,0.0,6254.4,20.0,,,1425887360
CHN,Asia,China,2022-11-30,9607584.0,0.0,30192.0,0.0,6741.3,21.2,,,1425887360
CHN,Asia,China,2022-12-31,62445650.0,0.0,38995.0,0.0,43816.0,27.4,,,1425887360
CHN,Asia,China,2023-01-31,98444584.0,0.0,69879.0,0.0,69075.2,49.0,,,1425887360
CHN,Asia,China,2023-02-28,98982145.0,0.0,119821.0,0.0,69452.4,84.1,,,1425887360
CHN,Asia,China,2023-03-31,99238106.0,0.0,120894.0,0.0,69632.0,84.8,,,1425887360
CHN,Asia,China,2023-04-30,99247381.0,3082.0,120961.0,38.0,69638.5,84.9,,,1425887360
CHN,Asia,China,2023-05-31,99266460.0,0.0,121235.0,0.0,69651.9,85.1,,,1425887360
CHN,Asia,China,2023-06-30,99285438.0,0.0,121465.0,0.0,69665.2,85.2,,,1425887360
CHN,Asia,China,2023-07-31,99299701.0,0.0,121536.0,0.0,69675.2,85.3,,,1425887360
CHN,Asia,China,2023-08-31,99305669.0,0.0,121679.0,0.0,69679.4,85.4,,,1425887360
CHN,Asia,China,2023-09-30,99311020.0,0.0,121722.0,0.0,69683.2,85.4,,,1425887360
CHN,Asia,China,2023-10-31,99318373.0,0.0,121835.0,0.0,69688.3,85.5,,,1425887360
CHN,Asia,China,2023-11-30,99320425.0,0.0,121877.0,0.0,69689.8,85.5,,,1425887360
CHN,Asia,China,2023-12-31,99322727.0,585.0,121893.0,4.0,69691.4,85.5,,,1425887360
CHN,Asia,China,2024-01-31,99327754.0,0.0,121933.0,0.0,69694.9,85.6,,,1425887360
CHN,Asia,China,2024-02-29,99334752.0,0.0,121993.0,0.0,69699.8,85.6,,,1425887360
CHN,Asia,China,2024-03-31,99347448.0,1768.0,122125.0,19.0,69708.7,85.7,,,1425887360
CHN,Asia,China,2024-04-30,99353161.0,0.0,122176.0,0.0,69712.7,85.7,,,1425887360
CHN,Asia,China,2024-05-31,99359003.0,0.0,122225.0,0.0,69716.8,85.8,,,1425887360
CHN,Asia,China,2024-06-30,99363491.0,1243.0,122261.0,4.0,69720.0,85.8,,,1425887360
CHN,Asia,China,2024-07-31,99371132.0,0.0,122289.0,0.0,69725.3,85.8,,,1425887360
CHN,Asia,China,2024-08-04,99373219.0,2087.0,122304.0,15.0,69726.8,85.8,,,1425887360
FRA,Europe,France,2020-01-31,3.0,0.0,0.0,0.0,0.0,0.0,,,67813000
FRA,Europe,France,2020-02-29,16.0,0.0,0.0,0.0,0.2,0.0,,,67813000
FRA,Europe,France,2020-03-31,16.0,0.0,2712.0,0.0,0.2,42.2,,,67813000
FRA,Europe,France,2020-04-30,16.0,0.0,14158.0,0.0,0.2,220.3,,,67813000
FRA,Europe,France,2020-05-31,8469.0,3436.0,18463.0,471.0,131.8,287.2,,,67813000
FRA,Europe,France,2020-06-30,18132.0,0.0,19322.0,0.0,282.1,300.6,,,67813000
FRA,Europe,France,2020-07-31,32384.0,0.0,19734.0,0.0,503.8,307.0,,,67813000
FRA,Europe,France,2020-08-31,130570.0,0.0,20201.0,0.0,2031.4,314.3,,,67813000
FRA,Europe,France,2020-09-30,388189.0,0.0,21573.0,0.0,6039.3,335.6,,,67813000
FRA,Europe,France,2020-10-31,1008331.0,0.0,25561.0,0.0,15687.2,397.7,,,67813000
FRA,Europe,France,2020-11-30,2012405.0,0.0,49277.0,0.0,31308.1,766.6,,,67813000
FRA,Europe,France,2020-12-31,2338258.0,0.0,63534.0,0.0,36377.6,988.4,2.0,0.0,67813000
FRA,Europe,France,2021-01-31,2931084.0,132624.0,79905.0,3159.0,45600.5,1243.1,55310.0,0.1,67813000
FRA,Europe,France,2021-02-28,3415218.0,127696.0,90533.0,2151.0,53132.5,1408.5,1661643.0,2.4,67813000
FRA,Europe,France,2021-03-31,4090242.0,0.0,98071.0,0.0,63634.2,1525.8,2931565.0,4.3,67813000
FRA,Europe,France,2021-04-30,4917483.0,0.0,106179.0,0.0,76504.1,1651.9,6605366.0,9.7,67813000
FRA,Europe,France,2021-05-31,5391736.0,0.0,112567.0,0.0,83882.3,1751.3,11378670.0,16.8,67813000
FRA,Europe,France,2021-06-30,5490733.0,0.0,114030.0,0.0,85422.4,1774.0,21205674.0,31.3,67813000
FRA,Europe,France,2021-07-31,5692691.0,0.0,114558.0,0.0,88564.4,1782.2,32449846.0,47.8,67813000
FRA,Europe,France,2021-08-31,6379634.0,0.0,116596.0,0.0,99251.6,1814.0,40480192.0,59.7,67813000
FRA,Europe,France,2021-09-30,6613086.0,0.0,118239.0,0.0,102883.5,1839.5,44610211.0,65.8,67813000
FRA,Europe,France,2021-10-31,6774109.0,38425.0,119237.0,177.0,105388.6,1855.0,46112320.0,68.0,67813000
FRA,Europe,France,2021-11-30,7203450.0,0.0,120453.0,0.0,112068.1,1874.0,47294683.0,69.7,67813000
FRA,Europe,France,2021-12-31,8709926.0,0.0,124165.0,0.0,135505.2,1931.7,49647368.0,73.2,67813000
FRA,Europe,France,2022-01-31,18285196.0,0.0,132054.0,0.0,284473.1,2054.4,51662803.0,76.2,67813000
FRA,Europe,France,2022-02-28,21910919.0,0.0,139114.0,0.0,340880.5,2164.3,52585211.0,77.5,67813000
FRA,Europe,France,2022-03-31,24116752.0,0.0,142547.0,0.0,375197.9,2217.7,52767228.0,77.8,67813000
FRA,Europe,France,2022-04-30,27366082.0,0.0,145877.0,0.0,425749.6,2269.5,52851688.0,77.9,67813000
FRA,Europe,France,2022-05-31,28499829.0,0.0,148873.0,0.0,443387.9,2316.1,52919172.0,78.0,67813000
FRA,Europe,France,2022-06-30,29596347.0,0.0,149995.0,0.0,460447.1,2333.6,52983109.0,78.1,67813000
FRA,Europe,France,2022-07-31,32767413.0,329431.0,152596.0,597.0,509781.2,2374.0,53044264.0,78.2,67813000
FRA,Europe,France,2022-08-31,33367049.0,0.0,154373.0,0.0,519110.0,2401.7,53072954.0,78.3,67813000
FRA,Europe,France,2022-09-30,34005579.0,0.0,155357.0,0.0,529044.0,2417.0,53095528.0,78.3,67813000
FRA,Europe,France,2022-10-31,35664771.0,0.0,157319.0,0.0,554857.0,2447.5,53115722.0,78.3,67813000
FRA,Europe,France,2022-11-30,36484764.0,0.0,159085.0,0.0,567614.1,2475.0,53131783.0,78.4,67813000
FRA,Europe,France,2022-12-31,37989547.0,0.0,161667.0,0.0,591024.8,2515.1,53148866.0,78.4,67813000
FRA,Europe,France,2023-01-31,38327299.0,0.0,164480.0,0.0,596279.4,2558.9,53164856.0,78.4,67813000
FRA,Europe,France,2023-02-28,38426361.0,0.0,165261.0,0.0,597820.6,2571.1,53174650.0,78.4,67813000
FRA,Europe,France,2023-03-31,38588428.0,0.0,165869.0,0.0,600341.9,2580.5,53182452.0,78.4,67813000
FRA,Europe,France,2023-04-30,38842584.0,40443.0,166958.0,249.0,604296.0,2597.5,53187295.0,78.4,67813000
FRA,Europe,France,2023-05-31,38944076.0,0.0,167638.0,0.0,605875.0,2608.0,53190103.0,78.4,67813000
FRA,Europe,France,2023-06-30,38997490.0,0.0,167985.0,0.0,606706.0,2613.4,53192152.0,78.4,67813000
FRA,Europe,France,2023-07-31,38997490.0,,167985.0,,606706.0,2613.4,,,67813000
FRA,Europe,France,2023-08-31,38997490.0,,167985.0,,606706.0,2613.4,,,67813000
FRA,Europe,France,2023-09-30,38997490.0,,167985.0,,606706.0,2613.4,,,67813000
FRA,Europe,France,2023-10-31,38997490.0,,167985.0,,606706.0,2613.4,,,67813000
FRA,Europe,France,2023-11-30,38997490.0,,168004.0,,606706.0,2613.7,,,67813000
FRA,Europe,France,2023-12-31,38997490.0,,168047.0,,606706.0,2614.4,,,67813000
FRA,Europe,France,2024-01-31,38997490.0,,168081.0,,606706.0,2614.9,,,67813000
FRA,Europe,France,2024-02-29,38997490.0,,168089.0,,606706.0,2615.1,,,67813000
FRA,Europe,France,2024-03-31,38997490.0,,168091.0,,606706.0,2615.1,,,67813000
FRA,Europe,France,2024-04-30,38997490.0,,168091.0,,606706.0,2615.1,,,67813000
FRA,Europe,France,2024-05-31,38997490.0,,168091.0,,606706.0,2615.1,,,67813000
FRA,Europe,France,2024-06-30,38997490.0,,168091.0,,606706.0,2615.1,,,67813000
FRA,Europe,France,2024-07-31,38997490.0,,168091.0,,606706.0,2615.1,,,67813000
FRA,Europe,France,2024-08-04,38997490.0,,168091.0,,606706.0,2615.1,,,67813000
DEU,Europe,Germany,2020-01-31,2.0,0.0,6.0,0.0,0.0,0.1,,,83369840
DEU,Europe,Germany,2020-02-29,31.0,0.0,10.0,0.0,0.4,0.1,,,83369840
DEU,Europe,Germany,2020-03-31,63904.0,0.0,2045.0,0.0,760.0,24.3,,,83369840
DEU,Europe,Germany,2020-04-30,156812.0,0.0,8149.0,0.0,1864.9,96.9,,,83369840
DEU,Europe,Germany,2020-05-31,182082.0,3206.0,9136.0,65.0,2165.4,108.6,,,83369840
DEU,Europe,Germany,2020-06-30,194143.0,0.0,9277.0,0.0,2308.9,110.3,,,83369840
DEU,Europe,Germany,2020-07-31,206243.0,0.0,9392.0,0.0,2452.8,111.7,,,83369840
DEU,Europe,Germany,2020-08-31,243548.0,0.0,9543.0,0.0,2896.4,113.5,,,83369840
DEU,Europe,Germany,2020-09-30,287291.0,0.0,9838.0,0.0,3416.6,117.0,,,83369840
DEU,Europe,Germany,2020-10-31,446205.0,0.0,11685.0,0.0,5306.5,139.0,,,83369840
DEU,Europe,Germany,2020-11-30,1062290.0,0.0,24579.0,0.0,12633.3,292.3,,,83369840
DEU,Europe,Germany,2020-12-31,1660178.0,0.0,47009.0,0.0,19743.8,559.1,,,83369840
DEU,Europe,Germany,2021-01-31,2221290.0,78172.0,70817.0,3102.0,26416.8,842.2,601932.0,0.7,83369840
DEU,Europe,Germany,2021-02-28,2445398.0,56356.0,77470.0,1227.0,29082.0,921.3,2193157.0,2.6,83369840
DEU,Europe,Germany,2021-03-31,2784133.0,0.0,82426.0,0.0,33110.4,980.3,4255149.0,5.1,83369840
DEU,Europe,Germany,2021-04-30,3299027.0,0.0,88847.0,0.0,39233.9,1056.6,6582835.0,7.9,83369840
DEU,Europe,Germany,2021-05-31,3677841.0,0.0,92549.0,0.0,43738.9,1100.6,15180670.0,18.2,83369840
DEU,Europe,Germany,2021-06-30,3724727.0,0.0,92834.0,0.0,44296.5,1104.0,31310938.0,37.6,83369840
DEU,Europe,Germany,2021-07-31,3756471.0,0.0,92954.0,0.0,44674.0,1105.5,43813621.0,52.6,83369840
DEU,Europe,Germany,2021-08-31,3940516.0,0.0,93834.0,0.0,46862.8,1115.9,50492763.0,60.6,83369840
DEU,Europe,Germany,2021-09-30,4202003.0,0.0,95454.0,0.0,49972.6,1135.2,53577751.0,64.3,83369840
DEU,Europe,Germany,2021-10-31,4616602.0,137011.0,99272.0,1274.0,54903.2,1180.6,55368166.0,66.4,83369840
DEU,Europe,Germany,2021-11-30,5820646.0,0.0,109033.0,0.0,69222.3,1296.7,56974571.0,68.3,83369840
DEU,Europe,Germany,2021-12-31,7014043.0,0.0,117692.0,0.0,83414.9,1399.7,59158121.0,71.0,83369840
DEU,Europe,Germany,2022-01-31,9957912.0,0.0,122268.0,0.0,118425.0,1454.1,61561557.0,73.8,83369840
DEU,Europe,Germany,2022-02-28,14846861.0,0.0,128908.0,0.0,176567.1,1533.0,62688649.0,75.2,83369840
DEU,Europe,Germany,2022-03-31,20566111.0,0.0,136107.0,0.0,244583.6,1618.7,63108382.0,75.7,83369840
DEU,Europe,Germany,2022-04-30,24356283.0,0.0,140728.0,0.0,289658.4,1673.6,63258598.0,75.9,83369840
DEU,Europe,Germany,2022-05-31,26313049.0,0.0,142908.0,0.0,312929.3,1699.5,63340811.0,76.0,83369840
DEU,Europe,Germany,2022-06-30,27877640.0,0.0,144384.0,0.0,331536.3,1717.1,63395721.0,76.0,83369840
DEU,Europe,Germany,2022-07-31,30927803.0,495729.0,148823.0,1038.0,367810.6,1769.9,63437497.0,76.1,83369840
DEU,Europe,Germany,2022-08-31,32080339.0,0.0,151227.0,0.0,381517.2,1798.5,63470261.0,76.1,83369840
DEU,Europe,Germany,2022-09-30,33001628.0,0.0,152769.0,0.0,392473.6,1816.8,63498674.0,76.2,83369840
DEU,Europe,Germany,2022-10-31,35618058.0,0.0,159019.0,0.0,423589.7,1891.1,63522661.0,76.2,83369840
DEU,Europe,Germany,2022-11-30,36403907.0,0.0,161550.0,0.0,432935.4,1921.2,63539843.0,76.2,83369840
DEU,Europe,Germany,2022-12-31,37241936.0,0.0,165738.0,0.0,442901.7,1971.0,63550296.0,76.2,83369840
DEU,Europe,Germany,2023-01-31,37749073.0,0.0,168723.0,0.0,448932.9,2006.6,63555965.0,76.2,83369840
DEU,Europe,Germany,2023-02-28,38131195.0,0.0,170722.0,0.0,453477.3,2030.3,63559019.0,76.2,83369840
DEU,Europe,Germany,2023-03-31,38334220.0,0.0,173000.0,0.0,455891.8,2057.4,63562946.0,76.2,83369840
DEU,Europe,Germany,2023-04-30,38405257.0,9193.0,174406.0,162.0,456736.6,2074.1,,,83369840
DEU,Europe,Germany,2023-05-31,38427956.0,0.0,174839.0,0.0,457006.5,2079.3,,,83369840
DEU,Europe,Germany,2023-06-30,38436657.0,0.0,174971.0,0.0,457110.0,2080.8,,,83369840
DEU,Europe,Germany,2023-07-31,38437756.0,,174979.0,,457123.1,2081.0,,,83369840
DEU,Europe,Germany,2023-08-31,38437756.0,,174979.0,,457123.1,2081.0,,,83369840
DEU,Europe,Germany,2023-09-30,38437756.0,,174979.0,,457123.1,2081.0,,,83369840
DEU,Europe,Germany,2023-10-31,38437756.0,,174979.0,,457123.1,2081.0,,,83369840
DEU,Europe,Germany,2023-11-30,38437756.0,,174979.0,,457123.1,2081.0,,,83369840
DEU,Europe,Germany,2023-12-31,38437756.0,,174979.0,,457123.1,2081.0,,,83369840
DEU,Europe,Germany,2024-01-31,38437756.0,,174979.0,,457123.1,2081.0,,,83369840
DEU,Europe,Germany,2024-02-29,38437756.0,,174979.0,,457123.1,2081.0,,,83369840
DEU,Europe,Germany,2024-03-31,38437756.0,,174979.0,,457123.1,2081.0,,,83369840
DEU,Europe,Germany,2024-04-30,38437756.0,,174979.0,,457123.1,2081.0,,,83369840
DEU,Europe,Germany,2024-05-31,38437756.0,,174979.0,,457123.1,2081.0,,,83369840
DEU,Europe,Germany,2024-06-30,38437756.0,,174979.0,,457123.1,2081.0,,,83369840
DEU,Europe,Germany,2024-07-31,38437756.0,,174979.0,,457123.1,2081.0,,,83369840
DEU,Europe,Germany,2024-08-04,38437756.0,,174979.0,,457123.1,2081.0,,,83369840
IND,Asia,India,2020-01-31,0.0,0.0,0.0,0.0,0.0,0.0,,,1417173120
IND,Asia,India,2020-02-29,7.0,0.0,0.0,0.0,0.0,0.0,,,1417173120
IND,Asia,India,2020-03-31,979.0,0.0,25.0,0.0,0.7,0.0,,,1417173120
IND,Asia,India,2020-04-30,26496.0,0.0,824.0,0.0,18.6,0.6,,,1417173120
IND,Asia,India,2020-05-31,182143.0,50275.0,5164.0,1297.0,127.8,3.6,,,1417173120
IND,Asia,India,2020-06-30,528859.0,0.0,16095.0,0.0,371.0,11.3,,,1417173120
IND,Asia,India,2020-07-31,1385522.0,0.0,32063.0,0.0,972.0,22.5,,,1417173120
IND,Asia,India,2020-08-31,3542733.0,0.0,63498.0,0.0,2485.4,44.6,,,1417173120
IND,Asia,India,2020-09-30,5992532.0,0.0,94503.0,0.0,4204.0,66.3,,,1417173120
IND,Asia,India,2020-10-31,7864811.0,0.0,118534.0,0.0,5517.5,83.2,,,1417173120
IND,Asia,India,2020-11-30,9392919.0,0.0,136696.0,0.0,6589.6,95.9,,,1417173120
IND,Asia,India,2020-12-31,10187850.0,0.0,147622.0,0.0,7147.2,103.6,,,1417173120
IND,Asia,India,2021-01-31,10746183.0,91650.0,154274.0,935.0,7538.9,108.2,,,1417173120
IND,Asia,India,2021-02-28,11096731.0,105080.0,157051.0,749.0,7784.9,110.2,2456191.0,0.2,1417173120
IND,Asia,India,2021-03-31,11971624.0,0.0,161552.0,0.0,8398.6,113.3,9334695.0,0.7,1417173120
IND,Asia,India,2021-04-30,16960172.0,0.0,192311.0,0.0,11898.3,134.9,26621155.0,1.9,1417173120
IND,Asia,India,2021-05-31,27894800.0,0.0,325972.0,0.0,19569.5,228.7,43258810.0,3.0,1417173120
IND,Asia,India,2021-06-30,30233183.0,0.0,395751.0,0.0,21210.0,277.6,57748116.0,4.1,1417173120
IND,Asia,India,2021-07-31,31371901.0,0.0,420551.0,0.0,22008.8,295.0,,,1417173120
IND,Asia,India,2021-08-31,32695030.0,0.0,437830.0,0.0,22937.1,307.2,147797142.0,10.4,1417173120
IND,Asia,India,2021-09-30,33652745.0,0.0,446918.0,0.0,23609.0,313.5,237476249.0,16.8,1417173120
IND,Asia,India,2021-10-31,34273300.0,97832.0,458186.0,3917.0,24044.3,321.4,329088622.0,23.2,1417173120
IND,Asia,India,2021-11-30,34572523.0,0.0,468554.0,0.0,24254.2,328.7,448000946.0,31.6,1417173120
IND,Asia,India,2021-12-31,34786802.0,0.0,479682.0,0.0,24404.5,336.5,603224821.0,42.6,1417173120
IND,Asia,India,2022-01-31,41092522.0,0.0,494091.0,0.0,28828.3,346.6,709926447.0,50.1,1417173120
IND,Asia,India,2022-02-28,42916117.0,0.0,513724.0,0.0,30107.6,360.4,790556254.0,55.8,1417173120
IND,Asia,India,2022-03-31,43019453.0,0.0,521004.0,0.0,30180.1,365.5,831238996.0,58.6,1417173120
IND,Asia,India,2022-04-30,43057545.0,0.0,522193.0,0.0,30206.8,366.3,858800580.0,60.6,1417173120
IND,Asia,India,2022-05-31,43153043.0,0.0,524586.0,0.0,30273.8,368.0,888628256.0,62.7,1417173120
IND,Asia,India,2022-06-30,43389973.0,0.0,524999.0,0.0,30440.1,368.3,914479703.0,64.5,1417173120
IND,Asia,India,2022-07-31,44019811.0,131056.0,526357.0,324.0,30881.9,369.3,932775394.0,65.8,1417173120
IND,Asia,India,2022-08-31,44408132.0,0.0,527754.0,0.0,31154.4,370.2,942327191.0,66.5,1417173120
IND,Asia,India,2022-09-30,44568114.0,0.0,528510.0,0.0,31266.6,370.8,948371253.0,66.9,1417173120
IND,Asia,India,2022-10-31,44652266.0,0.0,529016.0,0.0,31325.6,371.1,,,1417173120
IND,Asia,India,2022-11-30,44671562.0,0.0,530612.0,0.0,31339.2,372.2,950765492.0,67.1,1417173120
IND,Asia,India,2022-12-31,44677106.0,0.0,530693.0,0.0,31343.0,372.3,951207411.0,67.1,1417173120
IND,Asia,India,2023-01-31,44682639.0,0.0,530740.0,0.0,31346.9,372.3,951695297.0,67.2,1417173120
IND,Asia,India,2023-02-28,44686017.0,0.0,530769.0,0.0,31349.3,372.4,951881903.0,67.2,1417173120
IND,Asia,India,2023-03-31,44704147.0,0.0,530831.0,0.0,31362.0,372.4,951957326.0,67.2,1417173120
IND,Asia,India,2023-04-30,44945389.0,53400.0,531533.0,204.0,31531.3,372.9,951968069.0,67.2,1417173120
IND,Asia,India,2023-05-31,44989744.0,0.0,531864.0,0.0,31562.4,373.1,951976039.0,67.2,1417173120
IND,Asia,India,2023-06-30,44993952.0,0.0,531903.0,0.0,31565.3,373.2,951978918.0,67.2,1417173120
IND,Asia,India,2023-07-31,44995588.0,0.0,531916.0,0.0,31566.5,373.2,951981701.0,67.2,1417173120
IND,Asia,India,2023-08-31,44996963.0,0.0,531928.0,0.0,31567.4,373.2,951984472.0,67.2,1417173120
IND,Asia,India,2023-09-30,44998525.0,0.0,532031.0,0.0,31568.5,373.2,951985329.0,67.2,1417173120
IND,Asia,India,2023-10-31,45001245.0,0.0,533293.0,0.0,31570.4,374.1,951986139.0,67.2,1417173120
IND,Asia,India,2023-11-30,45001764.0,0.0,533298.0,0.0,31570.8,374.1,951986909.0,67.2,1417173120
IND,Asia,India,2023-12-31,45013172.0,4552.0,533361.0,28.0,31578.8,374.2,,,1417173120
IND,Asia,India,2024-01-31,45025076.0,0.0,533445.0,0.0,31587.2,374.2,951988192.0,67.2,1417173120
IND,Asia,India,2024-02-29,45029035.0,0.0,533478.0,0.0,31589.9,374.3,951988544.0,67.2,1417173120
IND,Asia,India,2024-03-31,45034360.0,716.0,533552.0,13.0,31593.7,374.3,951990034.0,67.2,1417173120
IND,Asia,India,2024-04-30,45036953.0,0.0,533585.0,0.0,31595.5,374.3,951990205.0,67.2,1417173120
IND,Asia,India,2024-05-31,45039510.0,0.0,533612.0,0.0,31597.3,374.4,951990350.0,67.2,1417173120
IND,Asia,India,2024-06-30,45040618.0,334.0,533622.0,1.0,31598.1,374.4,951990441.0,67.2,1417173120
IND,Asia,India,2024-07-31,45041435.0,0.0,533623.0,0.0,31598.6,374.4,951990515.0,67.2,1417173120
IND,Asia,India,2024-08-12,,,,,,,951990552.0,67.2,1417173120
ITA,Europe,Italy,2020-01-31,0.0,0.0,0.0,0.0,0.0,0.0,,,59037472
ITA,Europe,Italy,2020-02-29,79.0,0.0,2.0,0.0,1.3,0.0,,,59037472
ITA,Europe,Italy,2020-03-31,92472.0,0.0,10023.0,0.0,1551.0,168.1,,,59037472
ITA,Europe,Italy,2020-04-30,195351.0,0.0,26384.0,0.0,3276.6,442.5,,,59037472
ITA,Europe,Italy,2020-05-31,232664.0,3337.0,33340.0,605.0,3902.5,559.2,,,59037472
ITA,Europe,Italy,2020-06-30,240535.0,0.0,34716.0,0.0,4034.5,582.3,,,59037472
ITA,Europe,Italy,2020-07-31,246263.0,0.0,35102.0,0.0,4130.6,588.8,,,59037472
ITA,Europe,Italy,2020-08-31,267252.0,0.0,35473.0,0.0,4482.7,595.0,,,59037472
ITA,Europe,Italy,2020-09-30,308503.0,0.0,35818.0,0.0,5174.6,600.8,,,59037472
ITA,Europe,Italy,2020-10-31,504908.0,0.0,37210.0,0.0,8468.9,624.1,,,59037472
ITA,Europe,Italy,2020-11-30,1564931.0,0.0,54363.0,0.0,26248.8,911.8,,,59037472
ITA,Europe,Italy,2020-12-31,2039182.0,0.0,71627.0,0.0,34203.5,1201.4,,,59037472
ITA,Europe,Italy,2021-01-31,2541783.0,86598.0,88279.0,3117.0,42633.7,1480.7,644302.0,1.1,59037472
ITA,Europe,Italy,2021-02-28,2907825.0,112029.0,97507.0,2021.0,48773.4,1635.5,1436682.0,2.4,59037472
ITA,Europe,Italy,2021-03-31,3512390.0,0.0,107636.0,0.0,58913.8,1805.4,3267848.0,5.5,59037472
ITA,Europe,Italy,2021-04-30,3949517.0,0.0,119021.0,0.0,66245.8,1996.4,6049677.0,10.2,59037472
ITA,Europe,Italy,2021-05-31,4213055.0,0.0,126002.0,0.0,70666.2,2113.4,12270865.0,20.8,59037472
ITA,Europe,Italy,2021-06-30,4257289.0,0.0,127458.0,0.0,71408.1,2137.9,18947113.0,32.1,59037472
ITA,Europe,Italy,2021-07-31,4312673.0,0.0,127942.0,0.0,72337.1,2146.0,31642646.0,53.6,59037472
ITA,Europe,Italy,2021-08-31,4524292.0,0.0,129056.0,0.0,75886.6,2164.7,36765312.0,62.3,59037472
ITA,Europe,Italy,2021-09-30,4657215.0,0.0,130653.0,0.0,78116.2,2191.5,41036087.0,69.5,59037472
ITA,Europe,Italy,2021-10-31,4767440.0,29978.0,132074.0,272.0,79965.0,2215.3,43101932.0,73.0,59037472
ITA,Europe,Italy,2021-11-30,4994891.0,0.0,133627.0,0.0,83780.0,2241.3,44054236.0,74.6,59037472
ITA,Europe,Italy,2021-12-31,5622431.0,0.0,136530.0,0.0,94305.9,2290.0,44709912.0,75.7,59037472
ITA,Europe,Italy,2022-01-31,10821375.0,0.0,145914.0,0.0,181508.5,2447.4,46071120.0,78.0,59037472
ITA,Europe,Italy,2022-02-28,12732680.0,0.0,154416.0,0.0,213567.1,2590.0,47436768.0,80.4,59037472
ITA,Europe,Italy,2022-03-31,14304111.0,0.0,158700.0,0.0,239925.0,2661.9,47780183.0,80.9,59037472
ITA,Europe,Italy,2022-04-30,16079209.0,0.0,162609.0,0.0,269698.9,2727.5,47856416.0,81.1,59037472
ITA,Europe,Italy,2022-05-31,17373741.0,0.0,166542.0,0.0,291412.3,2793.4,47884006.0,81.1,59037472
ITA,Europe,Italy,2022-06-30,18184917.0,0.0,168058.0,0.0,305018.3,2818.9,47898746.0,81.1,59037472
ITA,Europe,Italy,2022-07-31,21002773.0,394583.0,172003.0,1205.0,352282.6,2885.0,47910663.0,81.2,59037472
ITA,Europe,Italy,2022-08-31,21788862.0,0.0,175306.0,0.0,365467.8,2940.4,47919696.0,81.2,59037472
ITA,Europe,Italy,2022-09-30,22284812.0,0.0,176867.0,0.0,373786.4,2966.6,47926572.0,81.2,59037472
ITA,Europe,Italy,2022-10-31,23531023.0,0.0,179101.0,0.0,394689.3,3004.1,47932044.0,81.2,59037472
ITA,Europe,Italy,2022-11-30,24327664.0,0.0,181271.0,0.0,408051.5,3040.5,47936474.0,81.2,59037472
ITA,Europe,Italy,2022-12-31,25060503.0,0.0,184168.0,0.0,420343.5,3089.1,47939988.0,81.2,59037472
ITA,Europe,Italy,2023-01-31,25464800.0,0.0,186904.0,0.0,427124.8,3135.0,47942337.0,81.2,59037472
ITA,Europe,Italy,2023-02-28,25585160.0,0.0,188174.0,0.0,429143.6,3156.3,47944159.0,81.2,59037472
ITA,Europe,Italy,2023-03-31,25680148.0,0.0,188974.0,0.0,430736.9,3169.7,47945368.0,81.2,59037472
ITA,Europe,Italy,2023-04-30,25795509.0,23050.0,189786.0,159.0,432671.8,3183.3,47946019.0,81.2,59037472
ITA,Europe,Italy,2023-05-31,25861812.0,0.0,190440.0,0.0,433784.0,3194.3,47946540.0,81.2,59037472
ITA,Europe,Italy,2023-06-30,25894518.0,0.0,190820.0,0.0,434332.5,3200.6,47946863.0,81.2,59037472
ITA,Europe,Italy,2023-07-31,25913842.0,0.0,191019.0,0.0,434656.7,3204.0,47946938.0,81.2,59037472
ITA,Europe,Italy,2023-08-31,25946904.0,0.0,191237.0,0.0,435211.2,3207.6,47947008.0,81.2,59037472
ITA,Europe,Italy,2023-09-30,26060998.0,0.0,191650.0,0.0,437124.9,3214.6,47947081.0,81.2,59037472
ITA,Europe,Italy,2023-10-31,26242992.0,0.0,192479.0,0.0,440177.6,3228.5,47947093.0,81.2,59037472
ITA,Europe,Italy,2023-11-30,26390907.0,0.0,193459.0,0.0,442658.6,3244.9,,,59037472
ITA,Europe,Italy,2023-12-31,26661619.0,35408.0,195580.0,401.0,447199.2,3280.5,,,59037472
ITA,Europe,Italy,2024-01-31,26706837.0,0.0,196607.0,0.0,447957.7,3297.7,,,59037472
ITA,Europe,Italy,2024-02-29,26715465.0,0.0,196888.0,0.0,448102.4,3302.4,,,59037472
ITA,Europe,Italy,2024-03-31,26719019.0,523.0,196997.0,14.0,448162.0,3304.3,,,59037472
ITA,Europe,Italy,2024-04-30,26721200.0,0.0,197037.0,0.0,448198.6,3304.9,,,59037472
ITA,Europe,Italy,2024-05-31,26724411.0,0.0,197078.0,0.0,448252.5,3305.6,,,59037472
ITA,Europe,Italy,2024-06-30,26734957.0,3280.0,197159.0,22.0,448429.3,3307.0,,,59037472
ITA,Europe,Italy,2024-07-31,26774728.0,0.0,197301.0,0.0,449096.4,3309.4,,,59037472
ITA,Europe,Italy,2024-08-07,,,,,,,,,59037472
JPN,Asia,Japan,2020-01-31,3.0,0.0,0.0,0.0,0.0,0.0,,,123951696
JPN,Asia,Japan,2020-02-29,132.0,0.0,1.0,0.0,1.1,0.0,,,123951696
JPN,Asia,Japan,2020-03-31,1693.0,0.0,52.0,0.0,13.5,0.4,,,123951696
JPN,Asia,Japan,2020-04-30,13182.0,0.0,348.0,0.0,105.5,2.8,,,123951696
JPN,Asia,Japan,2020-05-31,16851.0,301.0,891.0,71.0,134.8,7.1,,,123951696
JPN,Asia,Japan,2020-06-30,18390.0,0.0,971.0,0.0,147.1,7.8,,,123951696
JPN,Asia,Japan,2020-07-31,29382.0,0.0,996.0,0.0,235.1,8.0,,,123951696
JPN,Asia,Japan,2020-08-31,67264.0,0.0,1264.0,0.0,538.1,10.1,,,123951696
JPN,Asia,Japan,2020-09-30,81690.0,0.0,1545.0,0.0,653.5,12.4,,,123951696
JPN,Asia,Japan,2020-10-31,96534.0,0.0,1711.0,0.0,772.3,13.7,,,123951696
JPN,Asia,Japan,2020-11-30,144653.0,0.0,2106.0,0.0,1157.2,16.8,,,123951696
JPN,Asia,Japan,2020-12-31,217312.0,0.0,3213.0,0.0,1738.5,25.7,,,123951696
JPN,Asia,Japan,2021-01-31,389518.0,24705.0,5654.0,635.0,3116.2,45.2,,,123951696
JPN,Asia,Japan,2021-02-28,432773.0,7176.0,7860.0,443.0,3462.2,62.9,,,123951696
JPN,Asia,Japan,2021-03-31,468614.0,0.0,9031.0,0.0,3749.0,72.2,125580.0,0.1,123951696
JPN,Asia,Japan,2021-04-30,566863.0,0.0,9913.0,0.0,4535.0,79.3,1042998.0,0.8,123951696
JPN,Asia,Japan,2021-05-31,744487.0,0.0,12967.0,0.0,5956.0,103.7,4080676.0,3.3,123951696
JPN,Asia,Japan,2021-06-30,795756.0,0.0,14669.0,0.0,6366.2,117.4,18338048.0,14.8,123951696
JPN,Asia,Japan,2021-07-31,870445.0,0.0,15129.0,0.0,6963.7,121.0,41354724.0,33.4,123951696
JPN,Asia,Japan,2021-08-31,1454364.0,0.0,15946.0,0.0,11635.1,127.6,61416788.0,49.6,123951696
JPN,Asia,Japan,2021-09-30,1694675.0,0.0,17482.0,0.0,13557.7,139.9,78441620.0,63.3,123951696
JPN,Asia,Japan,2021-10-31,1722864.0,5926.0,18268.0,69.0,13783.2,146.2,93853277.0,75.7,123951696
JPN,Asia,Japan,2021-11-30,1727143.0,0.0,18358.0,0.0,13817.4,146.9,98849160.0,79.8,123951696
JPN,Asia,Japan,2021-12-31,1731789.0,0.0,18387.0,0.0,13854.6,147.1,99712082.0,80.4,123951696
JPN,Asia,Japan,2022-01-31,2669638.0,0.0,18764.0,0.0,21357.5,150.1,100048776.0,80.7,123951696
JPN,Asia,Japan,2022-02-28,4954620.0,0.0,23270.0,0.0,39637.7,186.2,100399388.0,81.0,123951696
JPN,Asia,Japan,2022-03-31,6377719.0,0.0,27767.0,0.0,51022.7,222.1,100740090.0,81.3,123951696
JPN,Asia,Japan,2022-04-30,7660012.0,0.0,29308.0,0.0,61281.3,234.5,101608799.0,82.0,123951696
JPN,Asia,Japan,2022-05-31,8811614.0,0.0,30558.0,0.0,70494.3,244.5,102091056.0,82.4,123951696
JPN,Asia,Japan,2022-06-30,9253386.0,0.0,31139.0,0.0,74028.5,249.1,102380665.0,82.6,123951696
JPN,Asia,Japan,2022-07-31,12553010.0,1379099.0,32694.0,754.0,100426.0,261.6,102540995.0,82.7,123951696
JPN,Asia,Japan,2022-08-31,18180425.0,0.0,39253.0,0.0,145446.2,314.0,102737362.0,82.9,123951696
JPN,Asia,Japan,2022-09-30,21023814.0,0.0,44463.0,0.0,168193.8,355.7,102890775.0,83.0,123951696
JPN,Asia,Japan,2022-10-31,22273251.0,0.0,46711.0,0.0,178189.4,373.7,102953265.0,83.1,123951696
JPN,Asia,Japan,2022-11-30,24470557.0,0.0,49434.0,0.0,195768.2,395.5,103011906.0,83.1,123951696
JPN,Asia,Japan,2022-12-31,28266405.0,0.0,55813.0,0.0,226135.6,446.5,103154352.0,83.2,123951696
JPN,Asia,Japan,2023-01-31,32419632.0,0.0,58496.0,0.0,259362.1,468.0,103262800.0,83.3,123951696
JPN,Asia,Japan,2023-02-28,33172567.0,0.0,72268.0,0.0,265385.7,578.2,103328682.0,83.4,123951696
JPN,Asia,Japan,2023-03-31,33415461.0,0.0,73747.0,0.0,267328.8,590.0,103367657.0,83.4,123951696
JPN,Asia,Japan,2023-04-30,33714017.0,74812.0,74542.0,166.0,269717.3,596.4,103379476.0,83.4,123951696
JPN,Asia,Japan,2023-05-31,33803572.0,0.0,74694.0,0.0,270433.8,597.6,,,123951696
JPN,Asia,Japan,2023-06-30,33803572.0,0.0,74694.0,0.0,270433.8,597.6,,,123951696
JPN,Asia,Japan,2023-07-31,33803572.0,0.0,74694.0,0.0,270433.8,597.6,,,123951696
JPN,Asia,Japan,2023-08-31,33803572.0,0.0,74694.0,0.0,270433.8,597.6,,,123951696
JPN,Asia,Japan,2023-09-30,33803572.0,0.0,74694.0,0.0,270433.8,597.6,,,123951696
JPN,Asia,Japan,2023-10-31,33803572.0,0.0,74694.0,0.0,270433.8,597.6,,,123951696
JPN,Asia,Japan,2023-11-30,33803572.0,0.0,74694.0,0.0,270433.8,597.6,,,123951696
JPN,Asia,Japan,2023-12-31,33803572.0,0.0,74694.0,0.0,270433.8,597.6,,,123951696
JPN,Asia,Japan,2024-01-31,33803572.0,0.0,74694.0,0.0,270433.8,597.6,,,123951696
JPN,Asia,Japan,2024-02-29,33803572.0,0.0,74694.0,0.0,270433.8,597.6,,,123951696
JPN,Asia,Japan,2024-03-31,33803572.0,0.0,74694.0,0.0,270433.8,597.6,,,123951696
JPN,Asia,Japan,2024-04-30,33803572.0,0.0,74694.0,0.0,270433.8,597.6,,,123951696
JPN,Asia,Japan,2024-05-31,33803572.0,0.0,74694.0,0.0,270433.8,597.6,,,123951696
JPN,Asia,Japan,2024-06-30,33803572.0,0.0,74694.0,0.0,270433.8,597.6,,,123951696
JPN,Asia,Japan,2024-07-31,33803572.0,0.0,74694.0,0.0,270433.8,597.6,,,123951696
JPN,Asia,Japan,2024-08-04,33803572.0,0.0,74694.0,0.0,270433.8,597.6,,,123951696
ZAF,Africa,South Africa,2020-01-31,0.0,0.0,0.0,0.0,0.0,0.0,,,59893884
ZAF,Africa,South Africa,2020-02-29,0.0,0.0,0.0,0.0,0.0,0.0,,,59893884
ZAF,Africa,South Africa,2020-03-31,1187.0,0.0,1.0,0.0,19.0,0.0,,,59893884
ZAF,Africa,South Africa,2020-04-30,4361.0,0.0,86.0,0.0,69.9,1.4,,,59893884
ZAF,Africa,South Africa,2020-05-31,30967.0,9624.0,643.0,236.0,496.4,10.3,,,59893884
ZAF,Africa,South Africa,2020-06-30,131800.0,0.0,4638.0,0.0,2112.9,74.4,,,59893884
ZAF,Africa,South Africa,2020-07-31,434200.0,0.0,9141.0,0.0,6960.7,146.5,,,59893884
ZAF,Africa,South Africa,2020-08-31,622551.0,0.0,16467.0,0.0,9980.2,264.0,,,59893884
ZAF,Africa,South Africa,2020-09-30,669498.0,0.0,18862.0,0.0,10732.8,302.4,,,59893884
ZAF,Africa,South Africa,2020-10-31,714246.0,0.0,20341.0,0.0,11450.2,326.1,,,59893884
ZAF,Africa,South Africa,2020-11-30,785139.0,0.0,21439.0,0.0,12586.7,343.7,,,59893884
ZAF,Africa,South Africa,2020-12-31,994911.0,0.0,26521.0,0.0,15949.6,425.2,,,59893884
ZAF,Africa,South Africa,2021-01-31,1449236.0,44397.0,43951.0,3377.0,23233.0,704.6,,,59893884
ZAF,Africa,South Africa,2021-02-28,1512225.0,9858.0,49941.0,1001.0,24242.8,800.6,70527.0,0.1,59893884
ZAF,Africa,South Africa,2021-03-31,1544466.0,0.0,52648.0,0.0,24759.6,844.0,263878.0,0.4,59893884
ZAF,Africa,South Africa,2021-04-30,1574370.0,0.0,54125.0,0.0,25239.0,867.7,317656.0,0.5,59893884
ZAF,Africa,South Africa,2021-05-31,1659070.0,0.0,56363.0,0.0,26596.9,903.6,,,59893884
ZAF,Africa,South Africa,2021-06-30,1913861.0,0.0,59778.0,0.0,30681.5,958.3,,,59893884
ZAF,Africa,South Africa,2021-07-31,2368105.0,0.0,69488.0,0.0,37963.5,1114.0,,,59893884
ZAF,Africa,South Africa,2021-08-31,2757191.0,0.0,81461.0,0.0,44201.0,1305.9,5985293.0,10.0,59893884
ZAF,Africa,South Africa,2021-09-30,2895976.0,0.0,87001.0,0.0,46425.9,1394.7,8819130.0,14.7,59893884
ZAF,Africa,South Africa,2021-10-31,2921886.0,2554.0,89163.0,249.0,46841.3,1429.4,12317435.0,20.6,59893884
ZAF,Africa,South Africa,2021-11-30,2958548.0,0.0,89791.0,0.0,47429.0,1439.5,14475754.0,24.2,59893884
ZAF,Africa,South Africa,2021-12-31,3407937.0,0.0,90773.0,0.0,54633.3,1455.2,,,59893884
ZAF,Africa,South Africa,2022-01-31,3601630.0,0.0,94905.0,0.0,57738.4,1521.4,16625575.0,27.8,59893884
ZAF,Africa,South Africa,2022-02-28,3671991.0,0.0,99191.0,0.0,58866.4,1590.2,,,59893884
ZAF,Africa,South Africa,2022-03-31,3712263.0,0.0,99965.0,0.0,59512.0,1602.6,17898249.0,29.9,59893884
ZAF,Africa,South Africa,2022-04-30,3759689.0,0.0,100298.0,0.0,60272.3,1607.9,18339920.0,30.6,59893884
ZAF,Africa,South Africa,2022-05-31,3952193.0,0.0,101142.0,0.0,63358.3,1621.4,18767585.0,31.3,59893884
ZAF,Africa,South Africa,2022-06-30,3992449.0,0.0,101731.0,0.0,64003.7,1630.9,19058285.0,31.8,59893884
ZAF,Africa,South Africa,2022-07-31,4005124.0,2991.0,101982.0,39.0,64206.9,1634.9,,,59893884
ZAF,Africa,South Africa,2022-08-31,4011210.0,0.0,102084.0,0.0,64304.4,1636.5,19320571.0,32.3,59893884
ZAF,Africa,South Africa,2022-09-30,4017163.0,0.0,102169.0,0.0,64399.9,1637.9,19401052.0,32.4,59893884
ZAF,Africa,South Africa,2022-10-31,4027744.0,0.0,102311.0,0.0,64569.5,1640.2,,,59893884
ZAF,Africa,South Africa,2022-11-30,4040939.0,0.0,102428.0,0.0,64781.0,1642.0,19537503.0,32.6,59893884
ZAF,Africa,South Africa,2022-12-31,4048232.0,0.0,102568.0,0.0,64898.0,1644.3,,,59893884
ZAF,Africa,South Africa,2023-01-31,4055656.0,0.0,102595.0,0.0,65017.0,1644.7,,,59893884
ZAF,Africa,South Africa,2023-02-28,4061578.0,0.0,102595.0,0.0,65111.9,1644.7,,,59893884
ZAF,Africa,South Africa,2023-03-31,4072533.0,0.0,102595.0,0.0,65287.5,1644.7,,,59893884
ZAF,Africa,South Africa,2023-04-30,4072533.0,0.0,102595.0,0.0,65287.5,1644.7,21038797.0,35.1,59893884
ZAF,Africa,South Africa,2023-05-31,4072533.0,0.0,102595.0,0.0,65287.5,1644.7,,,59893884
ZAF,Africa,South Africa,2023-06-30,4072533.0,0.0,102595.0,0.0,65287.5,1644.7,,,59893884
ZAF,Africa,South Africa,2023-07-31,4072533.0,0.0,102595.0,0.0,65287.5,1644.7,,,59893884
ZAF,Africa,South Africa,2023-08-31,4072533.0,0.0,102595.0,0.0,65287.5,1644.7,,,59893884
ZAF,Africa,South Africa,2023-09-30,4072533.0,0.0,102595.0,0.0,65287.5,1644.7,,,59893884
ZAF,Africa,South Africa,2023-10-31,4072581.0,0.0,102595.0,0.0,65288.3,1644.7,,,59893884
ZAF,Africa,South Africa,2023-11-30,4072629.0,0.0,102595.0,0.0,65289.1,1644.7,,,59893884
ZAF,Africa,South Africa,2023-12-31,4072636.0,0.0,102595.0,0.0,65289.2,1644.7,,,59893884
ZAF,Africa,South Africa,2024-01-31,4072636.0,0.0,102595.0,0.0,65289.2,1644.7,,,59893884
ZAF,Africa,South Africa,2024-02-29,4072636.0,0.0,102595.0,0.0,65289.2,1644.7,,,59893884
ZAF,Africa,South Africa,2024-03-31,4072648.0,6.0,102595.0,0.0,65289.4,1644.7,,,59893884
ZAF,Africa,South Africa,2024-04-30,4072677.0,0.0,102595.0,0.0,65289.8,1644.7,,,59893884
ZAF,Africa,South Africa,2024-05-31,4072708.0,0.0,102595.0,0.0,65290.3,1644.7,,,59893884
ZAF,Africa,South Africa,2024-06-30,4072744.0,4.0,102595.0,0.0,65290.9,1644.7,,,59893884
ZAF,Africa,South Africa,2024-07-31,4072765.0,0.0,102595.0,0.0,65291.2,1644.7,,,59893884
ZAF,Africa,South Africa,2024-08-04,4072765.0,0.0,102595.0,0.0,65291.2,1644.7,,,59893884
GBR,Europe,United Kingdom,2020-01-31,0.0,0.0,0.0,0.0,0.0,0.0,,,67508936
GBR,Europe,United Kingdom,2020-02-29,35.0,0.0,2.0,0.0,0.5,0.0,,,67508936
GBR,Europe,United Kingdom,2020-03-31,23781.0,0.0,2489.0,0.0,348.8,36.5,,,67508936
GBR,Europe,United Kingdom,2020-04-30,149704.0,0.0,33860.0,0.0,2195.7,496.6,,,67508936
GBR,Europe,United Kingdom,2020-05-31,254220.0,11713.0,52003.0,1966.0,3728.7,762.7,,,67508936
GBR,Europe,United Kingdom,2020-06-30,282318.0,0.0,55834.0,0.0,4140.8,818.9,,,67508936
GBR,Europe,United Kingdom,2020-07-31,300185.0,0.0,57102.0,0.0,4402.9,837.5,,,67508936
GBR,Europe,United Kingdom,2020-08-31,336506.0,0.0,57786.0,0.0,4935.6,847.6,,,67508936
GBR,Europe,United Kingdom,2020-09-30,444906.0,0.0,58444.0,0.0,6525.5,857.2,,,67508936
GBR,Europe,United Kingdom,2020-10-31,901169.0,0.0,61809.0,0.0,13217.6,906.6,,,67508936
GBR,Europe,United Kingdom,2020-11-30,1639974.0,0.0,76128.0,0.0,24053.8,1116.6,,,67508936
GBR,Europe,United Kingdom,2020-12-31,2344433.0,0.0,90475.0,0.0,34386.3,1327.0,,,67508936
GBR,Europe,United Kingdom,2021-01-31,3880724.0,171875.0,129420.0,8572.0,56919.4,1898.2,494209.0,0.7,67508936
GBR,Europe,United Kingdom,2021-02-28,4247290.0,61484.0,147643.0,2644.0,62295.9,2165.5,815816.0,1.2,67508936
GBR,Europe,United Kingdom,2021-03-31,4405263.0,0.0,152211.0,0.0,64612.9,2232.5,4513458.0,6.7,67508936
GBR,Europe,United Kingdom,2021-04-30,4486774.0,0.0,153476.0,0.0,65808.4,2251.1,14957313.0,22.2,67508936
GBR,Europe,United Kingdom,2021-05-31,4571090.0,0.0,154020.0,0.0,67045.1,2259.0,25734719.0,38.1,67508936
GBR,Europe,United Kingdom,2021-06-30,4829385.0,0.0,154424.0,0.0,70833.6,2265.0,33048199.0,49.0,67508936
GBR,Europe,United Kingdom,2021-07-31,5810816.0,0.0,155688.0,0.0,85228.4,2283.5,38322171.0,56.8,67508936
GBR,Europe,United Kingdom,2021-08-31,6873387.0,0.0,159152.0,0.0,100813.4,2334.3,42909987.0,63.6,67508936
GBR,Europe,United Kingdom,2021-09-30,7823123.0,0.0,163282.0,0.0,114743.4,2394.9,44901832.0,66.5,67508936
GBR,Europe,United Kingdom,2021-10-31,9232804.0,285143.0,168231.0,1227.0,135419.4,2467.5,45712351.0,67.7,67508936
GBR,Europe,United Kingdom,2021-11-30,10346779.0,0.0,172547.0,0.0,151758.3,2530.8,46399306.0,68.7,67508936
GBR,Europe,United Kingdom,2021-12-31,12574779.0,0.0,176159.0,0.0,184436.9,2583.8,47434251.0,70.3,67508936
GBR,Europe,United Kingdom,2022-01-31,17354538.0,0.0,183284.0,0.0,254542.6,2688.3,48440773.0,71.8,67508936
GBR,Europe,United Kingdom,2022-02-28,18930961.0,0.0,187437.0,0.0,277664.3,2749.2,49014524.0,72.6,67508936
GBR,Europe,United Kingdom,2022-03-31,20833310.0,0.0,191138.0,0.0,305566.4,2803.5,49440582.0,73.2,67508936
GBR,Europe,United Kingdom,2022-04-30,21967635.0,0.0,196313.0,0.0,322203.8,2879.4,49756334.0,73.7,67508936
GBR,Europe,United Kingdom,2022-05-31,22290240.0,0.0,199308.0,0.0,326935.5,2923.3,50003659.0,74.1,67508936
GBR,Europe,United Kingdom,2022-06-30,22635758.0,0.0,200511.0,0.0,332003.3,2940.9,50189173.0,74.3,67508936
GBR,Europe,United Kingdom,2022-07-31,23342984.0,74614.0,204495.0,852.0,342376.3,2999.4,50526813.0,74.8,67508936
GBR,Europe,United Kingdom,2022-08-31,23510400.0,0.0,206735.0,0.0,344831.9,3032.2,50727968.0,75.1,67508936
GBR,Europe,United Kingdom,2022-09-30,23643075.0,0.0,208067.0,0.0,346777.8,3051.8,,,67508936
GBR,Europe,United Kingdom,2022-10-31,23915366.0,0.0,211355.0,0.0,350771.6,3100.0,,,67508936
GBR,Europe,United Kingdom,2022-11-30,24012236.0,0.0,213236.0,0.0,352192.4,3127.6,,,67508936
GBR,Europe,United Kingdom,2022-12-31,24159037.0,0.0,215345.0,0.0,354345.6,3158.5,,,67508936
GBR,Europe,United Kingdom,2023-01-31,24284241.0,0.0,219292.0,0.0,356181.9,3216.4,,,67508936
GBR,Europe,United Kingdom,2023-02-28,24384455.0,0.0,221274.0,0.0,357651.8,3245.5,,,67508936
GBR,Europe,United Kingdom,2023-03-31,24506101.0,0.0,223973.0,0.0,359436.0,3285.1,,,67508936
GBR,Europe,United Kingdom,2023-04-30,24587399.0,11492.0,226745.0,406.0,360628.4,3325.7,,,67508936
GBR,Europe,United Kingdom,2023-05-31,24621732.0,0.0,227932.0,0.0,361132.0,3343.1,,,67508936
GBR,Europe,United Kingdom,2023-06-30,24638312.0,0.0,228604.0,0.0,361375.2,3353.0,,,67508936
GBR,Europe,United Kingdom,2023-07-31,24654370.0,0.0,228996.0,0.0,361610.7,3358.7,,,67508936
GBR,Europe,United Kingdom,2023-08-31,24685994.0,0.0,229674.0,0.0,362074.5,3368.7,,,67508936
GBR,Europe,United Kingdom,2023-09-30,24736233.0,0.0,230727.0,0.0,362811.4,3384.1,,,67508936
GBR,Europe,United Kingdom,2023-10-31,24800594.0,0.0,232112.0,0.0,363755.4,3404.4,,,67508936
GBR,Europe,United Kingdom,2023-11-30,24822011.0,0.0,232112.0,0.0,364069.5,3404.4,,,67508936
GBR,Europe,United Kingdom,2023-12-31,24865259.0,10153.0,232112.0,0.0,364703.8,3404.4,,,67508936
GBR,Europe,United Kingdom,2024-01-31,24893992.0,0.0,232112.0,0.0,365125.3,3404.4,,,67508936
GBR,Europe,United Kingdom,2024-02-29,24908067.0,0.0,232112.0,0.0,365331.7,3404.4,,,67508936
GBR,Europe,United Kingdom,2024-03-31,24915915.0,1456.0,232112.0,0.0,365446.8,3404.4,,,67508936
GBR,Europe,United Kingdom,2024-04-30,24922647.0,0.0,232112.0,0.0,365545.6,3404.4,,,67508936
GBR,Europe,United Kingdom,2024-05-31,24933322.0,0.0,232112.0,0.0,365702.2,3404.4,,,67508936
GBR,Europe,United Kingdom,2024-06-30,24952139.0,4846.0,232112.0,0.0,365978.2,3404.4,,,67508936
GBR,Europe,United Kingdom,2024-07-31,24971229.0,0.0,232112.0,0.0,366258.1,3404.4,,,67508936
GBR,Europe,United Kingdom,2024-08-04,24974629.0,3400.0,232112.0,0.0,366308.0,3404.4,,,67508936
USA,North America,United States,2020-01-31,7.0,0.0,0.0,0.0,0.0,0.0,,,338289856
USA,North America,United States,2020-02-29,40.0,0.0,0.0,0.0,0.1,0.0,,,338289856
USA,North America,United States,2020-03-31,126309.0,0.0,2106.0,0.0,369.8,6.2,,,338289856
USA,North America,United States,2020-04-30,922947.0,0.0,53434.0,0.0,2702.4,156.4,,,338289856
USA,North America,United States,2020-05-31,1785422.0,146436.0,105325.0,6810.0,5227.7,308.4,,,338289856
USA,North America,United States,2020-06-30,2525377.0,0.0,127218.0,0.0,7394.2,372.5,,,338289856
USA,North America,United States,2020-07-31,4193916.0,0.0,151590.0,0.0,12279.6,443.8,,,338289856
USA,North America,United States,2020-08-31,5974471.0,0.0,187959.0,0.0,17493.0,550.3,,,338289856
USA,North America,United States,2020-09-30,7101096.0,0.0,208593.0,0.0,20791.8,610.8,,,338289856
USA,North America,United States,2020-10-31,8570765.0,0.0,228419.0,0.0,25094.9,668.8,,,338289856
USA,North America,United States,2020-11-30,13262982.0,0.0,273206.0,0.0,38833.6,799.9,,,338289856
USA,North America,United States,2020-12-31,18890446.0,0.0,342920.0,0.0,55310.6,1004.1,47241.0,0.0,338289856
USA,North America,United States,2021-01-31,25863033.0,1068625.0,452123.0,22249.0,75726.1,1323.8,7439022.0,2.2,338289856
USA,North America,United States,2021-02-28,28330091.0,465751.0,519853.0,13360.0,82949.5,1522.1,30163870.0,9.1,338289856
USA,North America,United States,2021-03-31,29932199.0,0.0,551233.0,0.0,87640.4,1614.0,64852669.0,19.5,338289856
USA,North America,United States,2021-04-30,31711421.0,0.0,571084.0,0.0,92850.0,1672.1,115074274.0,34.7,338289856
USA,North America,United States,2021-05-31,32904922.0,0.0,591159.0,0.0,96344.5,1730.9,147117126.0,44.3,338289856
USA,North America,United States,2021-06-30,33271863.0,0.0,600321.0,0.0,97418.9,1757.7,163820348.0,49.3,338289856
USA,North America,United States,2021-07-31,34237016.0,0.0,607562.0,0.0,100244.8,1778.9,171307489.0,51.6,338289856
USA,North America,United States,2021-08-31,38528478.0,0.0,638817.0,0.0,112810.1,1870.4,181157998.0,54.6,338289856
USA,North America,United States,2021-09-30,42585047.0,0.0,689585.0,0.0,124687.6,2019.1,191115499.0,57.6,338289856
USA,North America,United States,2021-10-31,45639685.0,526186.0,744729.0,8915.0,133631.4,2180.5,197453679.0,59.5,338289856
USA,North America,United States,2021-11-30,47976346.0,0.0,775631.0,0.0,140473.1,2271.0,202533633.0,61.0,338289856
USA,North America,United States,2021-12-31,51878860.0,0.0,812587.0,0.0,151899.5,2379.2,210360591.0,63.4,338289856
USA,North America,United States,2022-01-31,73756878.0,0.0,882540.0,0.0,215957.6,2584.0,215215443.0,64.8,338289856
USA,North America,United States,2022-02-28,78334128.0,0.0,947162.0,0.0,229359.7,2773.3,218330536.0,65.8,338289856
USA,North America,United States,2022-03-31,79303178.0,0.0,973682.0,0.0,232197.0,2850.9,219898973.0,66.2,338289856
USA,North America,United States,2022-04-30,80247494.0,0.0,986887.0,0.0,234961.9,2889.6,221433810.0,66.7,338289856
USA,North America,United States,2022-05-31,83171871.0,0.0,998446.0,0.0,243524.4,2923.4,222623670.0,67.0,338289856
USA,North America,United States,2022-06-30,85970435.0,0.0,1007412.0,0.0,251718.5,2949.7,223512235.0,67.3,338289856
USA,North America,United States,2022-07-31,90232883.0,947983.0,1021593.0,3113.0,264198.8,2991.2,224439379.0,67.6,338289856
USA,North America,United States,2022-08-31,92977806.0,0.0,1034748.0,0.0,272235.8,3029.7,225287976.0,67.9,338289856
USA,North America,United States,2022-09-30,94783304.0,0.0,1046067.0,0.0,277522.3,3062.8,226506045.0,68.2,338289856
USA,North America,United States,2022-10-31,96175292.0,0.0,1059919.0,0.0,281598.0,3103.4,227924209.0,68.6,338289856
USA,North America,United States,2022-11-30,97300648.0,0.0,1069493.0,0.0,284893.0,3131.4,228900198.0,68.9,338289856
USA,North America,United States,2022-12-31,99019493.0,0.0,1079976.0,0.0,289925.7,3162.1,229580638.0,69.2,338289856
USA,North America,United States,2023-01-31,100934394.0,0.0,1097034.0,0.0,295532.5,3212.1,230004242.0,69.3,338289856
USA,North America,United States,2023-02-28,102019564.0,0.0,1109145.0,0.0,298709.8,3247.5,230241646.0,69.4,338289856
USA,North America,United States,2023-03-31,102697566.0,0.0,1117054.0,0.0,300695.0,3270.7,230457960.0,69.4,338289856
USA,North America,United States,2023-04-30,103266404.0,86484.0,1124063.0,1046.0,302360.5,3291.2,230601588.0,69.5,338289856
USA,North America,United States,2023-05-31,103436829.0,,1128654.0,0.0,302859.5,3304.7,,,338289856
USA,North America,United States,2023-06-30,103436829.0,,1131181.0,0.0,302859.5,3312.1,,,338289856
USA,North America,United States,2023-07-31,103436829.0,,1133821.0,0.0,302859.5,3319.8,,,338289856
USA,North America,United States,2023-08-31,103436829.0,,1137240.0,0.0,302859.5,3329.8,,,338289856
USA,North America,United States,2023-09-30,103436829.0,,1142574.0,0.0,302859.5,3345.4,,,338289856
USA,North America,United States,2023-10-31,103436829.0,,1149434.0,0.0,302859.5,3365.5,,,338289856
USA,North America,United States,2023-11-30,103436829.0,,1154931.0,0.0,302859.5,3381.6,,,338289856
USA,North America,United States,2023-12-31,103436829.0,,1164476.0,2232.0,302859.5,3409.6,,,338289856
USA,North America,United States,2024-01-31,103436829.0,,1174058.0,0.0,302859.5,3437.6,,,338289856
USA,North America,United States,2024-02-29,103436829.0,,1180126.0,0.0,302859.5,3455.4,,,338289856
USA,North America,United States,2024-03-31,103436829.0,,1185109.0,737.0,302859.5,3470.0,,,338289856
USA,North America,United States,2024-04-30,103436829.0,,1187221.0,0.0,302859.5,3476.1,,,338289856
USA,North America,United States,2024-05-31,103436829.0,,1188647.0,0.0,302859.5,3480.3,,,338289856
USA,North America,United States,2024-06-30,103436829.0,,1190441.0,400.0,302859.5,3485.6,,,338289856
USA,North America,United States,2024-07-31,103436829.0,,1192546.0,0.0,302859.5,3491.7,,,338289856
USA,North America,United States,2024-08-04,103436829.0,,1193165.0,619.0,302859.5,3493.6,,,338289856
